Column1,Column2,Column3
1,1,1
1,2,2
1,3,3
1,4,4
1,5,5
1,6,6
1,7,7
1,8,8
1,9,9
1,10,10
1,11,11
1,12,12
1,13,13
1,14,14
1,15,15
1,16,16
1,17,17
1,18,18
1,19,19
1,20,20
1,21,21
1,22,22
1,23,23
1,24,24
1,25,25
1,26,26
1,27,27
1,28,28
1,29,29
1,30,30
1,31,31
1,32,32
1,33,33
1,34,34
1,35,35
1,36,36
1,37,37
1,38,38
1,39,39
1,40,40
1,41,41
1,42,42
1,43,43
1,44,44
1,45,45
1,46,46
1,47,47
1,48,48
1,49,49
1,50,50
1,51,51
1,52,52
1,53,53
1,54,54
1,55,55
1,56,56
1,57,57
1,58,58
1,59,59
1,60,60
1,61,61
1,62,62
1,63,63
1,64,64
1,65,65
1,66,66
1,67,67
1,68,68
1,69,69
1,70,70
1,71,71
1,72,72
1,73,73
1,74,74
1,75,75
1,76,76
1,77,77
1,78,78
1,79,79
1,80,80
1,81,81
1,82,82
1,83,83
1,84,84
1,85,85
1,86,86
1,87,87
1,88,88
1,89,89
1,90,90
1,91,91
1,92,92
1,93,93
1,94,94
1,95,95
1,96,96
1,97,97
1,98,98
1,99,99
1,100,100
1,101,101
1,102,102
1,103,103
1,104,104
1,105,105
1,106,106
1,107,107
1,108,108
1,109,109
1,110,110
1,111,111
1,112,112
1,113,113
1,114,114
1,115,115
1,116,116
1,117,117
1,118,118
1,119,119
1,120,120
1,121,121
1,122,122
1,123,123
1,124,124
1,125,125
1,126,126
1,127,127
1,128,128
1,129,129
1,130,130
1,131,131
1,132,132
1,133,133
1,134,134
1,135,135
1,136,136
1,137,137
1,138,138
1,139,139
1,140,140
1,141,141
1,142,142
1,143,143
1,144,144
1,145,145
1,146,146
1,147,147
1,148,148
1,149,149
1,150,150
1,151,151
1,152,152
1,153,153
1,154,154
1,155,155
1,156,156
1,157,157
1,158,158
1,159,159
1,160,160
1,161,161
1,162,162
1,163,163
1,164,164
1,165,165
1,166,166
1,167,167
1,168,168
1,169,169
1,170,170
1,171,171
1,172,172
1,173,173
1,174,174
1,175,175
1,176,176
1,177,177
1,178,178
1,179,179
1,180,180
1,181,181
1,182,182
1,183,183
1,184,184
1,185,185
1,186,186
1,187,187
1,188,188
1,189,189
1,190,190
1,191,191
1,192,192
1,193,193
1,194,194
1,195,195
1,196,196
1,197,197
1,198,198
1,199,199
1,200,200
1,201,201
1,202,202
1,203,203
1,204,204
1,205,205
1,206,206
1,207,207
1,208,208
1,209,209
1,210,210
1,211,211
1,212,212
1,213,213
1,214,214
1,215,215
1,216,216
1,217,217
1,218,218
1,219,219
1,220,220
1,221,221
1,222,222
1,223,223
1,224,224
1,225,225
1,226,226
1,227,227
1,228,228
1,229,229
1,230,230
1,231,231
1,232,232
1,233,233
1,234,234
1,235,235
1,236,236
1,237,237
1,238,238
1,239,239
1,240,240
1,241,241
1,242,242
1,243,243
1,244,244
1,245,245
1,246,246
1,247,247
1,248,248
1,249,249
1,250,250
1,251,251
1,252,252
1,253,253
1,254,254
1,255,255
1,256,256
1,257,257
1,258,258
1,259,259
1,260,260
1,261,261
1,262,262
1,263,263
1,264,264
1,265,265
1,266,266
1,267,267
1,268,268
1,269,269
1,270,270
1,271,271
1,272,272
1,273,273
1,274,274
1,275,275
1,276,276
1,277,277
1,278,278
1,279,279
1,280,280
1,281,281
1,282,282
1,283,283
1,284,284
1,285,285
1,286,286
1,287,287
1,288,288
1,289,289
1,290,290
1,291,291
1,292,292
1,293,293
1,294,294
1,295,295
1,296,296
1,297,297
1,298,298
1,299,299
1,300,300
1,301,301
2,1,601
2,2,602
2,3,603
2,4,604
2,5,605
2,6,606
2,7,607
2,8,608
2,9,609
2,10,610
2,11,611
2,12,612
2,13,613
2,14,614
2,15,615
2,16,616
2,17,617
2,18,618
2,19,619
2,20,620
2,21,621
2,22,622
2,23,623
2,24,624
2,25,625
2,26,626
2,27,627
2,28,628
2,29,629
2,30,630
2,31,631
2,32,632
2,33,633
2,34,634
2,35,635
2,36,636
2,37,637
2,38,638
2,39,639
2,40,640
2,41,641
2,42,642
2,43,643
2,44,644
2,45,645
2,46,646
2,47,647
2,48,648
2,49,649
2,50,650
2,51,651
2,52,652
2,53,653
2,54,654
2,55,655
2,56,656
2,57,657
2,58,658
2,59,659
2,60,660
2,61,661
2,62,662
2,63,663
2,64,664
2,65,665
2,66,666
2,67,667
2,68,668
2,69,669
2,70,670
2,71,671
2,72,672
2,73,673
2,74,674
2,75,675
2,76,676
2,77,677
2,78,678
2,79,679
2,80,680
2,81,681
2,82,682
2,83,683
2,84,684
2,85,685
2,86,686
2,87,687
2,88,688
2,89,689
2,90,690
2,91,691
2,92,692
2,93,693
2,94,694
2,95,695
2,96,696
2,97,697
2,98,698
2,99,699
2,100,700
2,101,701
2,102,702
2,103,703
2,104,704
2,105,705
2,106,706
2,107,707
2,108,708
2,109,709
2,110,710
2,111,711
2,112,712
2,113,713
2,114,714
2,115,715
2,116,716
2,117,717
2,118,718
2,119,719
2,120,720
2,121,721
2,122,722
2,123,723
2,124,724
2,125,725
2,126,726
2,127,727
2,128,728
2,129,729
2,130,730
2,131,731
2,132,732
2,133,733
2,134,734
2,135,735
2,136,736
2,137,737
2,138,738
2,139,739
2,140,740
2,141,741
2,142,742
2,143,743
2,144,744
2,145,745
2,146,746
2,147,747
2,148,748
2,149,749
2,150,750
2,151,751
2,152,752
2,153,753
2,154,754
2,155,755
2,156,756
2,157,757
2,158,758
2,159,759
2,160,760
2,161,761
2,162,762
2,163,763
2,164,764
2,165,765
2,166,766
2,167,767
2,168,768
2,169,769
2,170,770
2,171,771
2,172,772
2,173,773
2,174,774
2,175,775
2,176,776
2,177,777
2,178,778
2,179,779
2,180,780
2,181,781
2,182,782
2,183,783
2,184,784
2,185,785
2,186,786
2,187,787
2,188,788
2,189,789
2,190,790
2,191,791
2,192,792
2,193,793
2,194,794
2,195,795
2,196,796
2,197,797
2,198,798
2,199,799
2,200,800
2,201,801
2,202,802
2,203,803
2,204,804
2,205,805
2,206,806
2,207,807
2,208,808
2,209,809
2,210,810
2,211,811
2,212,812
2,213,813
2,214,814
2,215,815
2,216,816
2,217,817
2,218,818
2,219,819
2,220,820
2,221,821
2,222,822
2,223,823
2,224,824
2,225,825
2,226,826
2,227,827
2,228,828
2,229,829
2,230,830
2,231,831
2,232,832
2,233,833
2,234,834
2,235,835
2,236,836
2,237,837
2,238,838
2,239,839
2,240,840
2,241,841
2,242,842
2,243,843
2,244,844
2,245,845
2,246,846
2,247,847
2,248,848
2,249,849
2,250,850
2,251,851
2,252,852
2,253,853
2,254,854
2,255,855
2,256,856
2,257,857
2,258,858
2,259,859
2,260,860
2,261,861
2,262,862
2,263,863
2,264,864
2,265,865
2,266,866
2,267,867
2,268,868
2,269,869
2,270,870
2,271,871
2,272,872
2,273,873
2,274,874
2,275,875
2,276,876
2,277,877
2,278,878
2,279,879
2,280,880
2,281,881
2,282,882
2,283,883
2,284,884
2,285,885
2,286,886
2,287,887
2,288,888
2,289,889
2,290,890
2,291,891
2,292,892
2,293,893
2,294,894
2,295,895
2,296,896
2,297,897
2,298,898
2,299,899
2,300,900
2,301,901
2,302,902
2,303,903
2,304,904
2,305,905
2,306,906
2,307,907
2,308,908
2,309,909
2,310,910
2,311,911
2,312,912
2,313,913
2,314,914
2,315,915
2,316,916
2,317,917
2,318,918
2,319,919
2,320,920
2,321,921
2,322,922
2,323,923
2,324,924
2,325,925
2,326,926
2,327,927
2,328,928
2,329,929
2,330,930
2,331,931
2,332,932
2,333,933
2,334,934
2,335,935
2,336,936
2,337,937
2,338,938
2,339,939
2,340,940
2,341,941
2,342,942
2,343,943
2,344,944
2,345,945
2,346,946
2,347,947
2,348,948
2,349,949
2,350,950
2,351,951
2,352,952
2,353,953
2,354,954
2,355,955
2,356,956
2,357,957
2,358,958
2,359,959
2,360,960
2,361,961
2,362,962
2,363,963
2,364,964
2,365,965
2,366,966
2,367,967
2,368,968
2,369,969
2,370,970
2,371,971
2,372,972
2,373,973
2,374,974
2,375,975
2,376,976
2,377,977
2,378,978
2,379,979
2,380,980
2,381,981
2,382,982
2,383,983
2,384,984
2,385,985
2,386,986
2,387,987
2,388,988
2,389,989
2,390,990
2,391,991
2,392,992
2,393,993
2,394,994
2,395,995
2,396,996
2,397,997
2,398,998
2,399,999
2,400,1000
2,401,1001
2,402,1002
2,403,1003
2,404,1004
2,405,1005
2,406,1006
2,407,1007
2,408,1008
2,409,1009
2,410,1010
2,411,1011
2,412,1012
2,413,1013
2,414,1014
2,415,1015
2,416,1016
2,417,1017
2,418,1018
2,419,1019
2,420,1020
2,421,1021
2,422,1022
2,423,1023
2,424,1024
2,425,1025
2,426,1026
2,427,1027
2,428,1028
2,429,1029
2,430,1030
2,431,1031
2,432,1032
2,433,1033
2,434,1034
2,435,1035
2,436,1036
2,437,1037
2,438,1038
2,439,1039
2,440,1040
2,441,1041
2,442,1042
2,443,1043
2,444,1044
2,445,1045
2,446,1046
2,447,1047
2,448,1048
2,449,1049
2,450,1050
2,451,1051
2,452,1052
2,453,1053
2,454,1054
2,455,1055
2,456,1056
2,457,1057
2,458,1058
2,459,1059
2,460,1060
2,461,1061
2,462,1062
2,463,1063
2,464,1064
2,465,1065
2,466,1066
2,467,1067
2,468,1068
2,469,1069
2,470,1070
2,471,1071
2,472,1072
2,473,1073
2,474,1074
2,475,1075
2,476,1076
2,477,1077
2,478,1078
2,479,1079
2,480,1080
2,481,1081
2,482,1082
2,483,1083
2,484,1084
2,485,1085
2,486,1086
2,487,1087
2,488,1088
2,489,1089
2,490,1090
2,491,1091
2,492,1092
2,493,1093
2,494,1094
2,495,1095
2,496,1096
2,497,1097
2,498,1098
2,499,1099
2,500,1100
2,501,1101
2,502,1102
2,503,1103
2,504,1104
2,505,1105
2,506,1106
2,507,1107
2,508,1108
2,509,1109
2,510,1110
2,511,1111
2,512,1112
2,513,1113
2,514,1114
2,515,1115
2,516,1116
2,517,1117
2,518,1118
2,519,1119
2,520,1120
2,521,1121
2,522,1122
2,523,1123
2,524,1124
2,525,1125
2,526,1126
3,1,1651
3,2,1652
3,3,1653
3,4,1654
3,5,1655
3,6,1656
3,7,1657
3,8,1658
3,9,1659
3,10,1660
3,11,1661
3,12,1662
3,13,1663
3,14,1664
3,15,1665
3,16,1666
3,17,1667
3,18,1668
3,19,1669
3,20,1670
3,21,1671
3,22,1672
3,23,1673
3,24,1674
3,25,1675
3,26,1676
3,27,1677
3,28,1678
3,29,1679
3,30,1680
3,31,1681
3,32,1682
3,33,1683
3,34,1684
3,35,1685
3,36,1686
3,37,1687
3,38,1688
3,39,1689
3,40,1690
3,41,1691
3,42,1692
3,43,1693
3,44,1694
3,45,1695
3,46,1696
3,47,1697
3,48,1698
3,49,1699
3,50,1700
3,51,1701
3,52,1702
3,53,1703
3,54,1704
3,55,1705
3,56,1706
3,57,1707
3,58,1708
3,59,1709
3,60,1710
3,61,1711
3,62,1712
3,63,1713
3,64,1714
3,65,1715
3,66,1716
3,67,1717
3,68,1718
3,69,1719
3,70,1720
3,71,1721
3,72,1722
3,73,1723
3,74,1724
3,75,1725
3,76,1726
3,77,1727
3,78,1728
3,79,1729
3,80,1730
3,81,1731
3,82,1732
3,83,1733
3,84,1734
3,85,1735
3,86,1736
3,87,1737
3,88,1738
3,89,1739
3,90,1740
3,91,1741
3,92,1742
3,93,1743
3,94,1744
3,95,1745
3,96,1746
3,97,1747
3,98,1748
3,99,1749
3,100,1750
3,101,1751
3,102,1752
3,103,1753
3,104,1754
3,105,1755
3,106,1756
3,107,1757
3,108,1758
3,109,1759
3,110,1760
3,111,1761
3,112,1762
3,113,1763
3,114,1764
3,115,1765
3,116,1766
3,117,1767
3,118,1768
3,119,1769
3,120,1770
3,121,1771
3,122,1772
3,123,1773
3,124,1774
3,125,1775
3,126,1776
3,127,1777
3,128,1778
3,129,1779
3,130,1780
3,131,1781
3,132,1782
3,133,1783
3,134,1784
3,135,1785
3,136,1786
3,137,1787
3,138,1788
3,139,1789
3,140,1790
3,141,1791
3,142,1792
3,143,1793
3,144,1794
3,145,1795
3,146,1796
3,147,1797
3,148,1798
3,149,1799
3,150,1800
3,151,1801
3,152,1802
3,153,1803
3,154,1804
3,155,1805
3,156,1806
3,157,1807
3,158,1808
3,159,1809
3,160,1810
3,161,1811
3,162,1812
3,163,1813
3,164,1814
3,165,1815
3,166,1816
3,167,1817
3,168,1818
3,169,1819
3,170,1820
3,171,1821
3,172,1822
3,173,1823
3,174,1824
3,175,1825
3,176,1826
3,177,1827
3,178,1828
3,179,1829
3,180,1830
3,181,1831
3,182,1832
3,183,1833
3,184,1834
3,185,1835
3,186,1836
3,187,1837
3,188,1838
3,189,1839
3,190,1840
3,191,1841
3,192,1842
3,193,1843
3,194,1844
3,195,1845
3,196,1846
3,197,1847
3,198,1848
3,199,1849
3,200,1850
3,201,1851
3,202,1852
3,203,1853
3,204,1854
3,205,1855
3,206,1856
3,207,1857
3,208,1858
3,209,1859
3,210,1860
3,211,1861
3,212,1862
3,213,1863
3,214,1864
3,215,1865
3,216,1866
3,217,1867
3,218,1868
3,219,1869
3,220,1870
3,221,1871
3,222,1872
3,223,1873
3,224,1874
3,225,1875
3,226,1876
3,227,1877
3,228,1878
3,229,1879
3,230,1880
3,231,1881
3,232,1882
3,233,1883
3,234,1884
3,235,1885
3,236,1886
3,237,1887
3,238,1888
3,239,1889
3,240,1890
3,241,1891
3,242,1892
3,243,1893
3,244,1894
3,245,1895
3,246,1896
3,247,1897
3,248,1898
3,249,1899
3,250,1900
3,251,1901
3,252,1902
3,253,1903
3,254,1904
3,255,1905
3,256,1906
3,257,1907
3,258,1908
3,259,1909
3,260,1910
3,261,1911
3,262,1912
3,263,1913
3,264,1914
3,265,1915
3,266,1916
3,267,1917
3,268,1918
3,269,1919
3,270,1920
3,271,1921
3,272,1922
3,273,1923
3,274,1924
3,275,1925
3,276,1926
3,277,1927
3,278,1928
3,279,1929
3,280,1930
3,281,1931
3,282,1932
3,283,1933
3,284,1934
3,285,1935
3,286,1936
3,287,1937
3,288,1938
3,289,1939
3,290,1940
3,291,1941
3,292,1942
3,293,1943
3,294,1944
3,295,1945
3,296,1946
3,297,1947
3,298,1948
3,299,1949
3,300,1950
3,301,1951
3,302,1952
3,303,1953
3,304,1954
3,305,1955
3,306,1956
3,307,1957
3,308,1958
3,309,1959
3,310,1960
3,311,1961
3,312,1962
3,313,1963
3,314,1964
3,315,1965
3,316,1966
3,317,1967
3,318,1968
3,319,1969
3,320,1970
3,321,1971
3,322,1972
3,323,1973
3,324,1974
3,325,1975
3,326,1976
3,327,1977
3,328,1978
3,329,1979
3,330,1980
3,331,1981
3,332,1982
3,333,1983
3,334,1984
3,335,1985
3,336,1986
3,337,1987
3,338,1988
3,339,1989
3,340,1990
3,341,1991
3,342,1992
3,343,1993
3,344,1994
3,345,1995
3,346,1996
3,347,1997
3,348,1998
3,349,1999
3,350,2000
3,351,2001
3,352,2002
3,353,2003
3,354,2004
3,355,2005
3,356,2006
3,357,2007
3,358,2008
3,359,2009
3,360,2010
3,361,2011
3,362,2012
3,363,2013
3,364,2014
3,365,2015
3,366,2016
3,367,2017
3,368,2018
3,369,2019
3,370,2020
3,371,2021
3,372,2022
3,373,2023
3,374,2024
3,375,2025
3,376,2026
3,377,2027
3,378,2028
3,379,2029
3,380,2030
3,381,2031
3,382,2032
3,383,2033
3,384,2034
3,385,2035
3,386,2036
3,387,2037
3,388,2038
3,389,2039
3,390,2040
3,391,2041
3,392,2042
3,393,2043
3,394,2044
3,395,2045
3,396,2046
3,397,2047
3,398,2048
3,399,2049
3,400,2050
3,401,2051
3,402,2052
3,403,2053
3,404,2054
3,405,2055
3,406,2056
3,407,2057
3,408,2058
3,409,2059
3,410,2060
3,411,2061
3,412,2062
3,413,2063
3,414,2064
3,415,2065
3,416,2066
3,417,2067
3,418,2068
3,419,2069
4,1,2488
4,2,2489
4,3,2490
4,4,2491
4,5,2492
4,6,2493
4,7,2494
4,8,2495
4,9,2496
4,10,2497
4,11,2498
4,12,2499
4,13,2500
4,14,2501
4,15,2502
4,16,2503
4,17,2504
4,18,2505
4,19,2506
4,20,2507
4,21,2508
4,22,2509
4,23,2510
4,24,2511
4,25,2512
4,26,2513
4,27,2514
4,28,2515
4,29,2516
4,30,2517
4,31,2518
4,32,2519
4,33,2520
4,34,2521
4,35,2522
4,36,2523
4,37,2524
4,38,2525
4,39,2526
4,40,2527
4,41,2528
4,42,2529
4,43,2530
4,44,2531
4,45,2532
4,46,2533
4,47,2534
4,48,2535
4,49,2536
4,50,2537
4,51,2538
4,52,2539
4,53,2540
4,54,2541
4,55,2542
4,56,2543
4,57,2544
4,58,2545
4,59,2546
4,60,2547
4,61,2548
4,62,2549
4,63,2550
4,64,2551
4,65,2552
4,66,2553
4,67,2554
4,68,2555
4,69,2556
4,70,2557
4,71,2558
4,72,2559
4,73,2560
4,74,2561
4,75,2562
4,76,2563
4,77,2564
4,78,2565
4,79,2566
4,80,2567
4,81,2568
4,82,2569
4,83,2570
4,84,2571
4,85,2572
4,86,2573
4,87,2574
4,88,2575
4,89,2576
4,90,2577
4,91,2578
4,92,2579
4,93,2580
4,94,2581
4,95,2582
4,96,2583
4,97,2584
4,98,2585
4,99,2586
4,100,2587
4,101,2588
4,102,2589
4,103,2590
4,104,2591
4,105,2592
4,106,2593
4,107,2594
4,108,2595
4,109,2596
4,110,2597
4,111,2598
4,112,2599
4,113,2600
4,114,2601
4,115,2602
4,116,2603
4,117,2604
4,118,2605
4,119,2606
4,120,2607
4,121,2608
4,122,2609
4,123,2610
4,124,2611
4,125,2612
4,126,2613
4,127,2614
4,128,2615
4,129,2616
4,130,2617
4,131,2618
4,132,2619
4,133,2620
4,134,2621
4,135,2622
4,136,2623
4,137,2624
4,138,2625
4,139,2626
4,140,2627
4,141,2628
4,142,2629
4,143,2630
4,144,2631
4,145,2632
4,146,2633
4,147,2634
4,148,2635
4,149,2636
4,150,2637
4,151,2638
4,152,2639
4,153,2640
4,154,2641
4,155,2642
4,156,2643
4,157,2644
4,158,2645
4,159,2646
4,160,2647
4,161,2648
4,162,2649
4,163,2650
4,164,2651
4,165,2652
4,166,2653
4,167,2654
4,168,2655
4,169,2656
4,170,2657
4,171,2658
4,172,2659
4,173,2660
4,174,2661
4,175,2662
4,176,2663
4,177,2664
4,178,2665
4,179,2666
4,180,2667
4,181,2668
4,182,2669
4,183,2670
4,184,2671
4,185,2672
4,186,2673
4,187,2674
4,188,2675
4,189,2676
4,190,2677
4,191,2678
4,192,2679
4,193,2680
4,194,2681
4,195,2682
4,196,2683
4,197,2684
4,198,2685
4,199,2686
4,200,2687
4,201,2688
4,202,2689
4,203,2690
4,204,2691
4,205,2692
4,206,2693
4,207,2694
4,208,2695
4,209,2696
4,210,2697
4,211,2698
4,212,2699
4,213,2700
4,214,2701
4,215,2702
4,216,2703
4,217,2704
4,218,2705
4,219,2706
4,220,2707
4,221,2708
4,222,2709
4,223,2710
4,224,2711
4,225,2712
4,226,2713
4,227,2714
4,228,2715
4,229,2716
4,230,2717
4,231,2718
4,232,2719
4,233,2720
4,234,2721
4,235,2722
4,236,2723
4,237,2724
4,238,2725
4,239,2726
4,240,2727
4,241,2728
4,242,2729
4,243,2730
4,244,2731
4,245,2732
4,246,2733
4,247,2734
4,248,2735
4,249,2736
4,250,2737
4,251,2738
4,252,2739
4,253,2740
4,254,2741
4,255,2742
4,256,2743
4,257,2744
4,258,2745
4,259,2746
4,260,2747
4,261,2748
4,262,2749
4,263,2750
5,1,3013
5,2,3014
5,3,3015
5,4,3016
5,5,3017
5,6,3018
5,7,3019
5,8,3020
5,9,3021
5,10,3022
5,11,3023
5,12,3024
5,13,3025
5,14,3026
5,15,3027
5,16,3028
5,17,3029
5,18,3030
5,19,3031
5,20,3032
5,21,3033
5,22,3034
5,23,3035
5,24,3036
5,25,3037
5,26,3038
5,27,3039
5,28,3040
5,29,3041
5,30,3042
5,31,3043
5,32,3044
5,33,3045
5,34,3046
5,35,3047
5,36,3048
5,37,3049
5,38,3050
5,39,3051
5,40,3052
5,41,3053
5,42,3054
5,43,3055
5,44,3056
5,45,3057
5,46,3058
5,47,3059
5,48,3060
5,49,3061
5,50,3062
5,51,3063
5,52,3064
5,53,3065
5,54,3066
5,55,3067
5,56,3068
5,57,3069
5,58,3070
5,59,3071
5,60,3072
5,61,3073
5,62,3074
5,63,3075
5,64,3076
5,65,3077
5,66,3078
5,67,3079
5,68,3080
5,69,3081
5,70,3082
5,71,3083
5,72,3084
5,73,3085
5,74,3086
5,75,3087
5,76,3088
5,77,3089
5,78,3090
5,79,3091
5,80,3092
5,81,3093
5,82,3094
5,83,3095
5,84,3096
5,85,3097
5,86,3098
5,87,3099
5,88,3100
5,89,3101
5,90,3102
5,91,3103
5,92,3104
5,93,3105
5,94,3106
5,95,3107
5,96,3108
5,97,3109
5,98,3110
5,99,3111
5,100,3112
5,101,3113
5,102,3114
5,103,3115
5,104,3116
5,105,3117
5,106,3118
5,107,3119
5,108,3120
5,109,3121
5,110,3122
5,111,3123
5,112,3124
5,113,3125
5,114,3126
5,115,3127
5,116,3128
5,117,3129
5,118,3130
5,119,3131
5,120,3132
5,121,3133
5,122,3134
5,123,3135
5,124,3136
5,125,3137
5,126,3138
5,127,3139
5,128,3140
5,129,3141
5,130,3142
5,131,3143
5,132,3144
5,133,3145
5,134,3146
5,135,3147
5,136,3148
5,137,3149
5,138,3150
5,139,3151
5,140,3152
5,141,3153
5,142,3154
5,143,3155
5,144,3156
5,145,3157
5,146,3158
5,147,3159
5,148,3160
5,149,3161
5,150,3162
5,151,3163
5,152,3164
5,153,3165
5,154,3166
5,155,3167
5,156,3168
5,157,3169
5,158,3170
5,159,3171
5,160,3172
5,161,3173
5,162,3174
5,163,3175
5,164,3176
5,165,3177
5,166,3178
5,167,3179
5,168,3180
5,169,3181
5,170,3182
5,171,3183
5,172,3184
5,173,3185
5,174,3186
5,175,3187
5,176,3188
5,177,3189
5,178,3190
5,179,3191
5,180,3192
5,181,3193
5,182,3194
5,183,3195
5,184,3196
5,185,3197
5,186,3198
5,187,3199
5,188,3200
5,189,3201
5,190,3202
5,191,3203
5,192,3204
5,193,3205
5,194,3206
5,195,3207
5,196,3208
5,197,3209
5,198,3210
5,199,3211
5,200,3212
5,201,3213
5,202,3214
5,203,3215
5,204,3216
5,205,3217
5,206,3218
5,207,3219
5,208,3220
5,209,3221
5,210,3222
5,211,3223
5,212,3224
5,213,3225
5,214,3226
5,215,3227
5,216,3228
5,217,3229
5,218,3230
5,219,3231
5,220,3232
5,221,3233
5,222,3234
5,223,3235
5,224,3236
5,225,3237
5,226,3238
5,227,3239
5,228,3240
5,229,3241
5,230,3242
5,231,3243
5,232,3244
5,233,3245
5,234,3246
5,235,3247
5,236,3248
5,237,3249
5,238,3250
5,239,3251
5,240,3252
5,241,3253
5,242,3254
5,243,3255
5,244,3256
5,245,3257
5,246,3258
5,247,3259
5,248,3260
5,249,3261
5,250,3262
5,251,3263
5,252,3264
5,253,3265
5,254,3266
5,255,3267
5,256,3268
5,257,3269
5,258,3270
5,259,3271
5,260,3272
5,261,3273
5,262,3274
5,263,3275
5,264,3276
5,265,3277
5,266,3278
5,267,3279
5,268,3280
5,269,3281
5,270,3282
5,271,3283
5,272,3284
5,273,3285
5,274,3286
5,275,3287
5,276,3288
5,277,3289
5,278,3290
5,279,3291
5,280,3292
5,281,3293
5,282,3294
5,283,3295
5,284,3296
5,285,3297
5,286,3298
5,287,3299
5,288,3300
5,289,3301
5,290,3302
5,291,3303
5,292,3304
5,293,3305
5,294,3306
5,295,3307
5,296,3308
5,297,3309
5,298,3310
5,299,3311
5,300,3312
5,301,3313
5,302,3314
5,303,3315
5,304,3316
5,305,3317
5,306,3318
5,307,3319
5,308,3320
5,309,3321
5,310,3322
5,311,3323
5,312,3324
5,313,3325
5,314,3326
5,315,3327
5,316,3328
5,317,3329
5,318,3330
5,319,3331
5,320,3332
5,321,3333
5,322,3334
5,323,3335
5,324,3336
5,325,3337
5,326,3338
5,327,3339
5,328,3340
6,1,3667
6,2,3668
6,3,3669
6,4,3670
6,5,3671
6,6,3672
6,7,3673
6,8,3674
6,9,3675
6,10,3676
6,11,3677
6,12,3678
6,13,3679
6,14,3680
6,15,3681
6,16,3682
6,17,3683
6,18,3684
6,19,3685
6,20,3686
6,21,3687
6,22,3688
6,23,3689
6,24,3690
6,25,3691
6,26,3692
6,27,3693
6,28,3694
6,29,3695
6,30,3696
6,31,3697
6,32,3698
6,33,3699
6,34,3700
6,35,3701
6,36,3702
6,37,3703
6,38,3704
6,39,3705
6,40,3706
6,41,3707
6,42,3708
6,43,3709
6,44,3710
6,45,3711
6,46,3712
6,47,3713
6,48,3714
6,49,3715
6,50,3716
6,51,3717
6,52,3718
6,53,3719
6,54,3720
6,55,3721
6,56,3722
6,57,3723
6,58,3724
6,59,3725
6,60,3726
6,61,3727
6,62,3728
6,63,3729
6,64,3730
6,65,3731
6,66,3732
6,67,3733
6,68,3734
6,69,3735
6,70,3736
6,71,3737
6,72,3738
6,73,3739
6,74,3740
6,75,3741
6,76,3742
6,77,3743
6,78,3744
6,79,3745
6,80,3746
6,81,3747
6,82,3748
6,83,3749
6,84,3750
6,85,3751
6,86,3752
6,87,3753
6,88,3754
6,89,3755
6,90,3756
6,91,3757
6,92,3758
6,93,3759
6,94,3760
6,95,3761
6,96,3762
6,97,3763
6,98,3764
6,99,3765
6,100,3766
6,101,3767
6,102,3768
6,103,3769
6,104,3770
6,105,3771
6,106,3772
6,107,3773
6,108,3774
6,109,3775
6,110,3776
6,111,3777
6,112,3778
6,113,3779
6,114,3780
6,115,3781
6,116,3782
6,117,3783
6,118,3784
6,119,3785
6,120,3786
6,121,3787
6,122,3788
6,123,3789
6,124,3790
6,125,3791
6,126,3792
6,127,3793
6,128,3794
6,129,3795
6,130,3796
6,131,3797
6,132,3798
6,133,3799
6,134,3800
6,135,3801
6,136,3802
6,137,3803
6,138,3804
6,139,3805
6,140,3806
6,141,3807
6,142,3808
6,143,3809
6,144,3810
6,145,3811
6,146,3812
6,147,3813
6,148,3814
6,149,3815
6,150,3816
6,151,3817
6,152,3818
6,153,3819
6,154,3820
6,155,3821
6,156,3822
6,157,3823
6,158,3824
6,159,3825
6,160,3826
6,161,3827
6,162,3828
6,163,3829
6,164,3830
6,165,3831
6,166,3832
6,167,3833
6,168,3834
6,169,3835
6,170,3836
6,171,3837
6,172,3838
6,173,3839
6,174,3840
6,175,3841
6,176,3842
6,177,3843
6,178,3844
6,179,3845
6,180,3846
6,181,3847
6,182,3848
6,183,3849
6,184,3850
6,185,3851
6,186,3852
6,187,3853
6,188,3854
6,189,3855
6,190,3856
6,191,3857
6,192,3858
6,193,3859
6,194,3860
6,195,3861
6,196,3862
6,197,3863
6,198,3864
6,199,3865
6,200,3866
6,201,3867
6,202,3868
6,203,3869
6,204,3870
6,205,3871
6,206,3872
6,207,3873
6,208,3874
6,209,3875
6,210,3876
6,211,3877
6,212,3878
6,213,3879
6,214,3880
6,215,3881
6,216,3882
6,217,3883
6,218,3884
6,219,3885
6,220,3886
6,221,3887
6,222,3888
6,223,3889
6,224,3890
6,225,3891
6,226,3892
6,227,3893
6,228,3894
6,229,3895
6,230,3896
6,231,3897
6,232,3898
6,233,3899
6,234,3900
6,235,3901
6,236,3902
6,237,3903
6,238,3904
6,239,3905
6,240,3906
6,241,3907
6,242,3908
6,243,3909
6,244,3910
6,245,3911
6,246,3912
6,247,3913
6,248,3914
6,249,3915
6,250,3916
6,251,3917
6,252,3918
6,253,3919
6,254,3920
6,255,3921
6,256,3922
6,257,3923
6,258,3924
6,259,3925
6,260,3926
6,261,3927
6,262,3928
6,263,3929
6,264,3930
6,265,3931
6,266,3932
6,267,3933
6,268,3934
6,269,3935
6,270,3936
6,271,3937
6,272,3938
6,273,3939
6,274,3940
6,275,3941
6,276,3942
6,277,3943
6,278,3944
6,279,3945
6,280,3946
6,281,3947
6,282,3948
6,283,3949
6,284,3950
6,285,3951
6,286,3952
6,287,3953
6,288,3954
6,289,3955
6,290,3956
6,291,3957
6,292,3958
6,293,3959
6,294,3960
6,295,3961
6,296,3962
6,297,3963
6,298,3964
6,299,3965
6,300,3966
6,301,3967
6,302,3968
6,303,3969
6,304,3970
6,305,3971
6,306,3972
6,307,3973
6,308,3974
6,309,3975
6,310,3976
6,311,3977
6,312,3978
6,313,3979
6,314,3980
6,315,3981
6,316,3982
6,317,3983
6,318,3984
6,319,3985
6,320,3986
6,321,3987
6,322,3988
6,323,3989
6,324,3990
6,325,3991
6,326,3992
6,327,3993
6,328,3994
6,329,3995
6,330,3996
6,331,3997
6,332,3998
6,333,3999
6,334,4000
6,335,4001
6,336,4002
6,337,4003
6,338,4004
6,339,4005
6,340,4006
6,341,4007
6,342,4008
6,343,4009
6,344,4010
6,345,4011
6,346,4012
6,347,4013
6,348,4014
6,349,4015
6,350,4016
6,351,4017
6,352,4018
6,353,4019
6,354,4020
6,355,4021
6,356,4022
6,357,4023
6,358,4024
6,359,4025
6,360,4026
6,361,4027
6,362,4028
6,363,4029
6,364,4030
6,365,4031
6,366,4032
6,367,4033
6,368,4034
6,369,4035
6,370,4036
6,371,4037
6,372,4038
6,373,4039
6,374,4040
6,375,4041
6,376,4042
6,377,4043
6,378,4044
6,379,4045
6,380,4046
6,381,4047
6,382,4048
6,383,4049
6,384,4050
6,385,4051
6,386,4052
6,387,4053
6,388,4054
6,389,4055
6,390,4056
6,391,4057
6,392,4058
6,393,4059
6,394,4060
6,395,4061
6,396,4062
6,397,4063
6,398,4064
6,399,4065
6,400,4066
6,401,4067
6,402,4068
6,403,4069
6,404,4070
6,405,4071
6,406,4072
6,407,4073
6,408,4074
6,409,4075
6,410,4076
6,411,4077
6,412,4078
6,413,4079
6,414,4080
6,415,4081
6,416,4082
6,417,4083
6,418,4084
6,419,4085
6,420,4086
6,421,4087
6,422,4088
6,423,4089
6,424,4090
6,425,4091
6,426,4092
6,427,4093
6,428,4094
6,429,4095
6,430,4096
6,431,4097
6,432,4098
6,433,4099
6,434,4100
6,435,4101
6,436,4102
6,437,4103
6,438,4104
6,439,4105
6,440,4106
6,441,4107
6,442,4108
6,443,4109
6,444,4110
6,445,4111
6,446,4112
6,447,4113
6,448,4114
6,449,4115
6,450,4116
6,451,4117
7,1,4567
7,2,4568
7,3,4569
7,4,4570
7,5,4571
7,6,4572
7,7,4573
7,8,4574
7,9,4575
7,10,4576
7,11,4577
7,12,4578
7,13,4579
7,14,4580
7,15,4581
7,16,4582
7,17,4583
7,18,4584
7,19,4585
7,20,4586
7,21,4587
7,22,4588
7,23,4589
7,24,4590
7,25,4591
7,26,4592
7,27,4593
7,28,4594
7,29,4595
7,30,4596
7,31,4597
7,32,4598
7,33,4599
7,34,4600
7,35,4601
7,36,4602
7,37,4603
7,38,4604
7,39,4605
7,40,4606
7,41,4607
7,42,4608
7,43,4609
7,44,4610
7,45,4611
7,46,4612
7,47,4613
7,48,4614
7,49,4615
7,50,4616
7,51,4617
7,52,4618
7,53,4619
7,54,4620
7,55,4621
7,56,4622
7,57,4623
7,58,4624
7,59,4625
7,60,4626
7,61,4627
7,62,4628
7,63,4629
7,64,4630
7,65,4631
7,66,4632
7,67,4633
7,68,4634
7,69,4635
7,70,4636
7,71,4637
7,72,4638
7,73,4639
7,74,4640
7,75,4641
7,76,4642
7,77,4643
7,78,4644
7,79,4645
7,80,4646
7,81,4647
7,82,4648
7,83,4649
7,84,4650
7,85,4651
7,86,4652
7,87,4653
7,88,4654
7,89,4655
7,90,4656
7,91,4657
7,92,4658
7,93,4659
7,94,4660
7,95,4661
7,96,4662
7,97,4663
7,98,4664
7,99,4665
7,100,4666
7,101,4667
7,102,4668
7,103,4669
7,104,4670
7,105,4671
7,106,4672
7,107,4673
7,108,4674
7,109,4675
7,110,4676
7,111,4677
7,112,4678
7,113,4679
7,114,4680
7,115,4681
7,116,4682
7,117,4683
7,118,4684
7,119,4685
7,120,4686
7,121,4687
7,122,4688
7,123,4689
7,124,4690
7,125,4691
7,126,4692
7,127,4693
7,128,4694
7,129,4695
7,130,4696
7,131,4697
7,132,4698
7,133,4699
7,134,4700
7,135,4701
7,136,4702
7,137,4703
7,138,4704
7,139,4705
7,140,4706
7,141,4707
7,142,4708
7,143,4709
7,144,4710
7,145,4711
7,146,4712
7,147,4713
7,148,4714
7,149,4715
7,150,4716
7,151,4717
7,152,4718
7,153,4719
7,154,4720
7,155,4721
7,156,4722
7,157,4723
7,158,4724
7,159,4725
7,160,4726
7,161,4727
7,162,4728
7,163,4729
7,164,4730
7,165,4731
7,166,4732
7,167,4733
7,168,4734
7,169,4735
7,170,4736
7,171,4737
7,172,4738
7,173,4739
7,174,4740
7,175,4741
7,176,4742
7,177,4743
7,178,4744
7,179,4745
7,180,4746
7,181,4747
7,182,4748
7,183,4749
7,184,4750
7,185,4751
7,186,4752
7,187,4753
7,188,4754
7,189,4755
7,190,4756
7,191,4757
7,192,4758
7,193,4759
7,194,4760
7,195,4761
7,196,4762
7,197,4763
7,198,4764
7,199,4765
7,200,4766
7,201,4767
7,202,4768
7,203,4769
7,204,4770
7,205,4771
7,206,4772
7,207,4773
7,208,4774
7,209,4775
7,210,4776
7,211,4777
7,212,4778
7,213,4779
7,214,4780
7,215,4781
7,216,4782
7,217,4783
7,218,4784
7,219,4785
7,220,4786
7,221,4787
7,222,4788
7,223,4789
7,224,4790
7,225,4791
7,226,4792
7,227,4793
7,228,4794
7,229,4795
7,230,4796
7,231,4797
7,232,4798
7,233,4799
7,234,4800
7,235,4801
7,236,4802
7,237,4803
7,238,4804
7,239,4805
7,240,4806
7,241,4807
7,242,4808
7,243,4809
7,244,4810
7,245,4811
7,246,4812
7,247,4813
7,248,4814
7,249,4815
7,250,4816
7,251,4817
7,252,4818
7,253,4819
7,254,4820
7,255,4821
7,256,4822
7,257,4823
7,258,4824
7,259,4825
7,260,4826
7,261,4827
7,262,4828
7,263,4829
7,264,4830
7,265,4831
7,266,4832
7,267,4833
7,268,4834
7,269,4835
7,270,4836
7,271,4837
7,272,4838
7,273,4839
7,274,4840
7,275,4841
7,276,4842
7,277,4843
7,278,4844
7,279,4845
7,280,4846
7,281,4847
7,282,4848
7,283,4849
7,284,4850
7,285,4851
7,286,4852
7,287,4853
7,288,4854
7,289,4855
7,290,4856
7,291,4857
7,292,4858
7,293,4859
7,294,4860
7,295,4861
7,296,4862
7,297,4863
7,298,4864
7,299,4865
7,300,4866
7,301,4867
7,302,4868
7,303,4869
7,304,4870
7,305,4871
7,306,4872
7,307,4873
7,308,4874
7,309,4875
7,310,4876
7,311,4877
7,312,4878
7,313,4879
7,314,4880
7,315,4881
7,316,4882
7,317,4883
7,318,4884
7,319,4885
7,320,4886
7,321,4887
7,322,4888
7,323,4889
7,324,4890
7,325,4891
7,326,4892
7,327,4893
7,328,4894
7,329,4895
7,330,4896
7,331,4897
7,332,4898
7,333,4899
7,334,4900
7,335,4901
7,336,4902
7,337,4903
7,338,4904
7,339,4905
7,340,4906
7,341,4907
7,342,4908
7,343,4909
7,344,4910
7,345,4911
7,346,4912
7,347,4913
7,348,4914
7,349,4915
7,350,4916
7,351,4917
7,352,4918
7,353,4919
7,354,4920
7,355,4921
7,356,4922
7,357,4923
7,358,4924
7,359,4925
7,360,4926
7,361,4927
7,362,4928
7,363,4929
7,364,4930
7,365,4931
7,366,4932
7,367,4933
7,368,4934
7,369,4935
7,370,4936
7,371,4937
7,372,4938
7,373,4939
7,374,4940
7,375,4941
7,376,4942
